"tamaramorrison@hotmail.com","pbkdf2:sha256:150000$U3QLDDKu$a518f641812dbaf969e6cb6af13415205d922038110178881377093de3bcfa4e","Gary","Cross","711 Golden Overpass West Andreaville, MA 71317"
"martha10@hotmail.com","pbkdf2:sha256:150000$ytnDWxvY$66565d2a411816c74ec11cd07c3d191e7dc5dec37d5323e8c9847e9d2dff68a4","Denise","Thornton","30989 Anthony Roads New Maria, MO 12498"
"deborah64@gmail.com","pbkdf2:sha256:150000$fgpOhuNw$a8f199e8cf250c53e6c0c853351709b943ef733dd6ab28d6dcf5f1e523711aac","Jeanne","Green","22584 Candice Mills North Thomas, OK 67164"
"franklinjames@yahoo.com","pbkdf2:sha256:150000$Xjzkrrax$9bc402d3e9e479703a07213fa0445a2c0943931d1a8aee844359570382a00fb5","John","Hoffman","63812 Richard Springs Suite 503 Lake Karenhaven, CT 25464"
"samanthasims@yahoo.com","pbkdf2:sha256:150000$UjnoxoR6$2626639fe49be381910d5b1e69cc9fef27be5dd67b46099ac981d019245fdba8","Timothy","Parker","87755 Timothy Squares Simmonsport, WA 90561"
"taguilar@hotmail.com","pbkdf2:sha256:150000$tu8Tf0Cg$c18d1aeca544b0622ae0c171b2bd07cfc0782467bb184e6bfdde7961864dba39","Linda","Freeman","577 Amy Forges Apt. 555 New Eddieview, WY 20935"
"georgedavid@yahoo.com","pbkdf2:sha256:150000$7eKTV0xm$4ef43964398ff34b0845e9d1311f3f43c6a77297c05abdaa61e4787cbbca89af","Sandra","Brown","256 Cheryl Lights Williamsfort, FL 03152"
"chad50@yahoo.com","pbkdf2:sha256:150000$MzMv2Wgd$44d964190a63c029d95875f7282d499be5c09a48c0ddc049b7b278bef6147778","Paula","Wilkerson","16116 Jessica Burgs Suite 660 Calhounmouth, KS 10795"
"jyang@hotmail.com","pbkdf2:sha256:150000$s90xUKTn$f81943b8335e804166cce7d3b4dae5791688384e414e3193e160f24c625b1f3a","Willie","Garcia","332 Watson Shore Apt. 290 Millerland, MT 39742"
"bramirez@gmail.com","pbkdf2:sha256:150000$b8iAyAG1$c6584c1bd810a25c1dd42ce12e7ac9a5a1ea7c76cb7059a11e91e742082a52ee","Michael","Montgomery","Unit 4892 Box 6717 DPO AE 71770"
"kellypeter@gmail.com","pbkdf2:sha256:150000$EiZmpH4M$89f99c641a746902a26dfadb30a0b33f2bae8e326d6bd560756069566a6df07a","Melissa","James","637 Neal Island Suite 074 Lake Tyler, RI 28775"
"tarasanders@gmail.com","pbkdf2:sha256:150000$YM9akv1w$69233bdd1a468ab3e9c322a8c1cb4ee9ad65e76989e15b1ff7c3474303abb615","Lisa","Bush","774 Lewis Grove Apt. 002 Adamtown, CA 56566"
"virginia18@yahoo.com","pbkdf2:sha256:150000$jpfj47yT$7b918772c501e4259067268b065aa197f719264314ec03b5121d00b82019df52","Bruce","Miller","9168 Williams Falls South Jeffrey, KY 46651"
"jensenanthony@hotmail.com","pbkdf2:sha256:150000$zO5K3xGv$9983c64d4464be84686960ff3f87a6129b5dbdd69d6fab6e6879e304291e0cc8","Mark","Burnett","37933 Lisa Trace Gomezshire, SC 65835"
"kmalone@gmail.com","pbkdf2:sha256:150000$E6FmXJ5r$534a59e78bd7530a1c0792f13caff2ff402ced7bf5f74fd39f39b99a884acd43","Courtney","Valdez","76254 Debra Stream Reyeschester, KS 70454"
"kingerin@hotmail.com","pbkdf2:sha256:150000$Z3y53RZP$18bb28c6ea29f5efd10a6097ec4248b9a7098e4b9c088a2884059be24f197ef7","Henry","Moss","48487 Kendra Ports Suite 076 South Michaelton, KY 97488"
"meganbrady@gmail.com","pbkdf2:sha256:150000$N9Pr9yPO$e9da55ea7854506b1584bed25ca75608870b2b53a0465c3c26fdb7a04e8d3f08","Amy","Fowler","4440 Osborne Viaduct Suite 488 Veronicaborough, WY 57084"
"kgomez@gmail.com","pbkdf2:sha256:150000$6lk8cNFU$2b8caefa75d9d844dc84da680492fefaf3f187ac4f8254136bbaba7b6d5f3dce","Tammy","Reilly","514 Travis Track Suite 366 Rowefurt, AZ 76875"
"thomaspeters@hotmail.com","pbkdf2:sha256:150000$aK7gzktP$9c0ca1b83348c44970366364c7d0e6ec69f9e629f28a9ef02fea91f3af065c0d","Robin","Harris","78209 Darlene Bypass Suite 137 Port Stephen, VT 44235"
"susan06@yahoo.com","pbkdf2:sha256:150000$lfTuoYW4$059492643d0c961db4814efc7773acfae28b0d5d4d689a9b4f57b4c7b750116d","Jared","Vaughn","1086 Johnson Path Apt. 155 South Tammyberg, NC 82490"
"william86@gmail.com","pbkdf2:sha256:150000$md88yQT3$b79a4db3ca1effb85c5217e6452827636360d61b251fef4b991a88878dbf41d1","Lauren","Mcdaniel","01992 Emily Light South Samuelmouth, IA 18566"
"michaelanderson@hotmail.com","pbkdf2:sha256:150000$BKn24qXw$f27ec25c50f711d668ec1a9695bdd435b84e0feb5696a25618f26ad0a7237db5","Brian","Richardson","42954 Walters Highway Johnsonchester, MS 95905"
"deleonwilliam@gmail.com","pbkdf2:sha256:150000$ySfUXL19$628e95494bff42a95b938258fd8f1dd73bbb3a47282558037cb659c389c1488d","Maria","Harris","01575 Erica Land Elizabethbury, OH 72804"
"joshua07@yahoo.com","pbkdf2:sha256:150000$WZiDwqZU$346a431aa86072d6bf146958046d853366499d46b84721a0ea006a5c50e3a982","Heather","Davis","68971 Hansen Well Moniquetown, IN 65740"
"leonardsutton@gmail.com","pbkdf2:sha256:150000$Pz3jLPKq$a27d1daf2298e14e3d38b3fc1fb8d0dfc623499cfffea12b794bf37118ab6a87","Patrick","Spears","Unit 7879 Box 9368 DPO AA 64290"
"hromero@hotmail.com","pbkdf2:sha256:150000$roadqC8k$306b726f44a55cd76ce606fff472c4b13dac7e3da4589e7cb279b2478187b95a","Debra","Aguilar","1140 Christine Shoals South Jamie, MD 26932"
"angela30@gmail.com","pbkdf2:sha256:150000$aIeSvTo1$4eed9fcca7ab4e5667da4c744adefb4613d083d5404106f2b999de3d2ed9b29f","Cody","Crawford","835 April Plains Suite 297 New Scott, NM 79664"
"ygraham@hotmail.com","pbkdf2:sha256:150000$Iv8c5Bw6$fbaca0188b9e6e8a2e434cbcd68709aa7e3dd5aa2eae599229bf0331307a4c43","Cynthia","Faulkner","1974 Patrick Summit Suite 394 North Ericshire, NM 08797"
"millerlori@yahoo.com","pbkdf2:sha256:150000$uzqYqp0J$e99c08497f531d430bce8f5c9c52ddfaee7e0d6ba2265dd513e86b8b62c447d2","Kelly","Casey","3975 Joseph Keys East Steven, DC 36784"
"pmartinez@yahoo.com","pbkdf2:sha256:150000$8Si7YOFQ$f827cac5c41cf746b411b74e778833ef61452fde19c1834db903c8f47155c3b4","Thomas","Patel","76031 Garcia Falls South Alexis, MN 69377"
"stafforderic@gmail.com","pbkdf2:sha256:150000$Shrxsagf$71a454b475846d083e0e64e0671d356a1c0356f0e43beffe8ee9c38a442f3500","Johnny","Martinez","PSC 0367, Box 4656 APO AA 95684"
"smithsabrina@gmail.com","pbkdf2:sha256:150000$tVd8uxVc$509fe06bf4c132e786539bd3028d16f36e88e3baf76bc13aae02646640a827b9","David","Turner","39140 Sheila Ferry Lake Michael, KY 01682"
"rmiranda@hotmail.com","pbkdf2:sha256:150000$ICQQy8D8$c43221c29ec1b1195d79785e95474609e168a5ca5f370195091ba2b122cff239","Evelyn","Hendricks","7954 Stephen Throughway Apt. 184 Franklinchester, GA 80124"
"millersamuel@yahoo.com","pbkdf2:sha256:150000$YWTtAXi7$1009f1a624f2882bfb44891a2f0851a759f60a59cf6d01cd2d9073d691d5c588","Paula","Walter","0525 Christopher Fords Shannonfort, ND 69503"
"cherylstewart@yahoo.com","pbkdf2:sha256:150000$4rdEWMey$80470559c21c041d8521c75962c8a375d5ce3104f5d81f27f008dced1e024a3d","Derrick","Webb","520 Fox Expressway Suite 497 North Jasmine, PA 88434"
"santanajimmy@gmail.com","pbkdf2:sha256:150000$TM82jp5W$c9aee213964d30b2b0c9ff99d49a8b98d1a554860dde55473afcc68c3181586c","Patrick","Graves","49874 Farrell Orchard Suite 311 New Veronicashire, MA 96567"
"stephenbeck@yahoo.com","pbkdf2:sha256:150000$zZ5elEQv$39d7ff533ecea2a54ed891d22b49337aa30a02767478b267c33645c753b160e5","Leah","Bell","94930 Madison Streets Apt. 622 Ryanhaven, IN 88294"
"palmercassandra@hotmail.com","pbkdf2:sha256:150000$debluO1O$8dc9a2d9d332b5def55c4a1655d811b2b941e4cb03fd59d80196ff46ce801dd4","Dalton","Fritz","33319 Russell Village New James, CO 25596"
"alisongreer@yahoo.com","pbkdf2:sha256:150000$qVIIy3nP$c3c8995f5951eab380be64523856be8297b92508c5c80bca459aac7e54ea3748","Madeline","Stevenson","3348 Curtis Street Fosterberg, CA 38222"
"jasondavis@hotmail.com","pbkdf2:sha256:150000$U3Sya34r$0466040b8da9710ad508b2cc050f0ee868f1e4912cbc2bf933afe7e607fa5300","Valerie","Charles","496 Jeanette Divide Suite 055 Danafurt, AK 39361"
"markchan@gmail.com","pbkdf2:sha256:150000$jedLJRZl$d85b2e66349fba50f7c155b06dee2df52d676864e03bc3b2bd8703fb21aab5b9","James","Scott","742 Jared Green Lake Anthonyport, RI 94947"
"castroallen@gmail.com","pbkdf2:sha256:150000$uAOKIf31$aef1150963bebaa12fa8d43b9ddabc433159cff1469fc8506577200f5fa457e8","Jennifer","Garcia","18940 Samantha Creek Apt. 722 Scottburgh, VT 75335"
"caleb01@yahoo.com","pbkdf2:sha256:150000$dEJYcaAB$74cf6e19964027e59768a7e13d9df131f72453f9ef49eff3f2e8fbc9e148bca7","Keith","Jones","431 Johnson Neck Suite 039 Mariechester, VT 67849"
"guerrerothomas@hotmail.com","pbkdf2:sha256:150000$BqwItNZj$0526366a1f63bbdb9ea51a0eaf8fc591737eeb203378845e18206353f1bab647","Lori","Moore","20866 Keith Mill Susanton, NJ 21190"
"allison58@hotmail.com","pbkdf2:sha256:150000$KEpFecxE$f80a69a933f1bff646e9294c5b7fbd6ad4ae48ee37a3f1631383fc22af83157b","Ariel","Freeman","125 Dixon Common Lake Natashabury, VA 50064"
"jeremy24@yahoo.com","pbkdf2:sha256:150000$9SvSBDt7$df085e8db3597eb3d0b372c6fa499429c0c86ebfda2cf48511224b98d17618c4","Randy","Bernard","0684 Samantha Cape Jennifermouth, MT 01521"
"johnny46@hotmail.com","pbkdf2:sha256:150000$0B2iaMYH$8ab5887265b59b21d03cde9a1c173510b634455271a17331ed4717b69f4b7897","Timothy","Kerr","2648 Flores Stream Henryville, PA 41804"
"james07@yahoo.com","pbkdf2:sha256:150000$DZWXo7FB$c683c00c23f65f4f6d70b1de7c24dc4f7fea08ca854d647a7bc2675373c2c475","William","Crawford","5830 Nielsen Greens Suite 891 Patriciahaven, FL 08869"
"marquezpaula@hotmail.com","pbkdf2:sha256:150000$v14DA7qX$f1bcef11b30dcdd5dcec72b8b969aa26c526be5aec350697278d7738f48405bb","Jonathan","Davis","45116 Blake Inlet Suite 034 East Melanie, NJ 32055"
"josephmason@hotmail.com","pbkdf2:sha256:150000$0y88W0PN$97ba6a010fca348e35fcad128938a66ef6688025b08f2869661ffe945b2ebe05","Kathryn","Noble","15233 Keller Wall Suite 978 Kimtown, TX 81993"
"richard56@yahoo.com","pbkdf2:sha256:150000$tD0RKoi9$2988025e7228bdd540dbd932101fb8c721f51aec1b2c06f20748da40a7fc5e64","Daniel","Cortez","31925 Ware Trail Suite 586 Riveraview, ME 58653"
"fosterbryan@yahoo.com","pbkdf2:sha256:150000$3j7KFapj$30b491bfc38f17989e8418e3182d4d370ed50a35d815b0f2f44c1662b4674452","Kenneth","Boyd","61322 Hill Springs Garymouth, CT 99406"
"anthonyvincent@yahoo.com","pbkdf2:sha256:150000$4zzxrNUX$27a772aa661b7b21eef4b59119d976f1e76f8d57f4b91aa799020e44aa5015a6","Renee","Moore","5285 Lisa Course North James, VT 86261"
"sawyersamuel@yahoo.com","pbkdf2:sha256:150000$6DYEJgI6$de5c0259a20abce4003b307ce92d6024a883ee10a76633b1ec0ff979d67edb50","Alyssa","Farley","938 Jason Summit Gallowayville, GA 21419"
"gstone@yahoo.com","pbkdf2:sha256:150000$0C5HEjmA$66f251775074e645b6d12b1477964cbdadd3c9bf5363564c59ef034bb1224cb1","Alexis","Williams","810 Ralph Via Georgefurt, TN 42292"
"kevinflores@gmail.com","pbkdf2:sha256:150000$Z7Y5NFZp$db6e4191c69feb3c05ab2082dcf1fabfaaddb89b4e09cc375c11399402611a98","Jasmine","Castro","983 William Oval New Jessica, DE 20592"
"gordon43@hotmail.com","pbkdf2:sha256:150000$zOaoKkKS$577c6f7cf2e48849808406b414324e5fde78dccacc018882cac662d4ebd592a0","Joseph","Williams","411 Craig Knoll East Lauren, VA 97386"
"kennethwashington@gmail.com","pbkdf2:sha256:150000$X95vEmWx$077acea7c8758f20164a9e89ae05dce238cf7337257025bc4b9487fd7487972c","Jennifer","Marsh","41694 Ashlee Lodge Suite 853 East Denise, DE 70663"
"hamiltonchristopher@gmail.com","pbkdf2:sha256:150000$CW33flXV$6f4a4c4fd05eabe2adee084be7fe32fbb7e670969f72ed4587356402804fc81b","Anne","Michael","535 Rowland Stravenue Suite 306 Richardtown, DE 41691"
"nsmith@hotmail.com","pbkdf2:sha256:150000$tG9xMsPj$17316375b69ceae228ca298eefa374dff2f3bd0960444bb44b0c8f8fb1803181","Joshua","Duke","23312 Bob Points New Marychester, SD 59471"
"jennaarnold@yahoo.com","pbkdf2:sha256:150000$KVu7vxCY$b8a2168d582b56fdfa171ed5cbfbbe1ae7dc7bbca898f44de0d9f0cb562faea7","Susan","Turner","5099 Rodriguez Square Apt. 267 Lisaview, TX 98607"
"scottzimmerman@hotmail.com","pbkdf2:sha256:150000$xW24hlfu$e2687df3d1060616ab7d625b0579f3cce3efd54726230c98c9245a08dfc9e110","Julie","Dominguez","46894 Matthew Prairie Josephbury, WA 68649"
"bonnie89@gmail.com","pbkdf2:sha256:150000$dGKwd7Nb$031fd8eee24e0d847505da52d1a6ae8c7722ad4778c75247f5154f77b2724826","Dwayne","Osborne","1955 Robert Lake Suite 238 New Dennis, NY 15122"
"cindy30@gmail.com","pbkdf2:sha256:150000$HTg0pq6b$74d089e6084597b44d840e3876ce3e1f12a1df223534bafff55dfdbca4672fa7","Antonio","Thompson","24075 Lin Pass Apt. 490 Dominguezview, MN 02536"
"qhenderson@gmail.com","pbkdf2:sha256:150000$u9MCaIak$f3ca285e4a7011e546eef817547000fa2b9244190ab293d0643d0bac471ac8b7","Yolanda","King","64598 Jefferson Point Apt. 056 Nortonshire, IN 16140"
"nancyturner@hotmail.com","pbkdf2:sha256:150000$jD2YsT7E$af570f7ead3eee979f43751dd89aa730a103c2073bcc193db62d9b697603d455","Richard","Woodward","8379 Ashlee Port Apt. 461 North Markville, LA 13324"
"bradley51@hotmail.com","pbkdf2:sha256:150000$b9lxoFui$8340540b9671aefe2d565b574e8711161401718ebe455ac5697e37d28eb32fc5","Jeremy","Costa","60980 Brian Road Suite 750 Rodriguezview, WA 06223"
"matthewpetersen@hotmail.com","pbkdf2:sha256:150000$ItWGy6S4$255a5111d63728cd4c5d1be3ab38f788812244af0496da712ec8d31e42e971d8","Robert","Dunn","46977 Rivera Route Port Caleb, ND 66244"
"uhill@hotmail.com","pbkdf2:sha256:150000$3bYu8kTh$6d7591a4f24a4a3801141ef069dd7d5c08d42ff2d67ae002ce7e71dbc61124fd","Tonya","Andersen","473 Joseph River East Dennis, VT 04136"
"lisa79@yahoo.com","pbkdf2:sha256:150000$TQ7bkGgL$45442f29bdb29589737a735c8a696593e7082ef4f4898f95a0ade1fd75125ddb","Stephen","Bernard","2082 Russell Station Apt. 498 North Jerryshire, TN 99461"
"richardsonjerry@yahoo.com","pbkdf2:sha256:150000$dQBpkmei$c49c7f706c37b847676e5c62e828f07af80ad2cdd24e59c4072aa774520858db","Amanda","Gonzalez","2039 Wall Mission Suite 006 Piercetown, GA 89103"
"jmcmahon@gmail.com","pbkdf2:sha256:150000$zPPuUFun$fa1fc547a4cedd027654068cfd3094614923edc33b945f3b52633ce62260209f","Jimmy","Walker","4101 Savage Park South Lorraine, VA 53629"
"wrightkaylee@hotmail.com","pbkdf2:sha256:150000$k1LKHpGj$bc3c3ad3b00ae97f4374b3de3025dda16c6c04c657353458f25fe45596b2bdb2","Austin","Holland","08987 Ramirez Avenue Bellchester, UT 04795"
"danielbernard@gmail.com","pbkdf2:sha256:150000$9FMe7ETp$e752f2eadffe5ecdc3fcbd7c545a2175e46efd2f0b87247a27ddd631da8e3016","Molly","Fuller","848 Eric Knoll North Justinchester, KS 69953"
"wbrown@gmail.com","pbkdf2:sha256:150000$3Lnuyyu7$86218a2dd615dd370219f61ae257d2d215c7736df016bc7622cc2dfda50f5cf5","Doris","Kaiser","16581 Gregory River Port Angela, VT 66142"
"ofernandez@yahoo.com","pbkdf2:sha256:150000$ZgJXiU58$e7762af8b4bc24456644801af29afd4fcb2a29417e3365b16efcb276c5c0ee65","Tyler","Curtis","57654 Ponce Meadow South Erica, NH 18794"
"conradthomas@yahoo.com","pbkdf2:sha256:150000$fpIg2y4h$2ed3910fcfa3b2b3f68bfb2b10584c2aae3441163564e7632e3abedc7086ded0","Angela","Tucker","62799 Armstrong Avenue Apt. 932 South Tonya, ID 01948"
"savannahsoto@hotmail.com","pbkdf2:sha256:150000$K7Sq5ahM$0015fd2eeccd61a30fd7c90929156edf97864fe0eba57ff1381d2ae10f78d26c","Robert","Gould","5565 Powers Avenue Apt. 753 West Alexanderchester, OR 56221"
"debra49@yahoo.com","pbkdf2:sha256:150000$RqJcTBHt$07e4c28ae42637ac6942f2e56c1109b9db7fcdc5848487cbf88721626ad3c037","Cody","Morris","46670 Orozco Walks Suite 505 Diazmouth, CA 12755"
"edward63@gmail.com","pbkdf2:sha256:150000$2H27OXrc$cc76649e1914380e5045dcbd2f2ba0ba50dfce1ced94efca68855bf3d37e3269","Valerie","Jacobs","2337 Tina Trafficway Lisaborough, OK 94452"
"deborah77@gmail.com","pbkdf2:sha256:150000$JOPHING6$9fd41fc933b954003fd48a1f1c6050622607f4daf3e04ed5b904e44efe027d0e","Deanna","Holt","189 Johnson Flats Suite 066 North Tiffany, MA 54902"
"opoole@hotmail.com","pbkdf2:sha256:150000$iESaJiZm$60b9947eaf8d82b5095eccdec688933f117eeb25cbc852596ca6b39b3689d7d9","Larry","Palmer","58718 Camacho Cove Suite 092 Elizabethburgh, NJ 29866"
"dwells@hotmail.com","pbkdf2:sha256:150000$FtwTyBso$063234d41be0d9d3b516fc65ac61b7763bd9cdfbab2ea2d976f418d11905f99c","Kristina","Higgins","824 Roberson Port Apt. 542 Martinborough, DC 98148"
"qstephenson@hotmail.com","pbkdf2:sha256:150000$DN0FdVVl$b7f1869d756eaa3974ea6b0c96e4349a4a142ef687150c7e19f2dd242f85ac9a","Shawn","Matthews","46432 Gina Route West Johnny, CT 19932"
"jeffreysmith@gmail.com","pbkdf2:sha256:150000$8ylRoo0S$83def9ecf5fe14e196bb6a8d1a75bfcbc81556e1e4f2a009e5053731c25cf65b","Samantha","Parrish","USCGC Blackburn FPO AA 75632"
"marydaniel@yahoo.com","pbkdf2:sha256:150000$oCgfNlzB$fe2e9a3061f5a5b41666d44e48a83cc54c1b5499c58fa0477bc5a87522973ab7","Tonya","Jacobs","Unit 6430 Box 0927 DPO AP 20036"
"jerrybrooks@hotmail.com","pbkdf2:sha256:150000$PUGcgvUb$e496154ecf55cf4e29c546fd2f2119134ec81b43e1ae0fc48145d3b5c6f4b375","John","Beck","304 Paul Mall Douglasfurt, DC 54863"
"mcbridemary@gmail.com","pbkdf2:sha256:150000$SJoNhSAJ$de913a749256667752a9d23a533be98ee5ce5867c5dbf4f4ac2385d91fac76bd","Laurie","Underwood","229 Case Shoal Suite 948 Lake Jennifer, TX 47367"
"ycolon@yahoo.com","pbkdf2:sha256:150000$cyVGynKF$268bf3a8f88d40859402c121c0308157bacc257e5c4bcac7e123f132946c8260","Linda","Orozco","Unit 4616 Box 6533 DPO AE 79485"
"michael74@yahoo.com","pbkdf2:sha256:150000$bqLpEtdb$715e17ee1f1d2278e0021c7a6a16c99f967db134a4914f26a0d7fff63ba67ec8","Kimberly","Park","1123 Ferguson Circle Suite 287 North John, PA 04644"
"dillonwest@yahoo.com","pbkdf2:sha256:150000$gnvLOZ0f$9a89816c5170bb2e042c8ef5695f7addc0eebcd80c61483f40533202997b7e76","Cynthia","Lyons","9204 Ware Rapid Lake Zachary, OH 28651"
"sarabender@hotmail.com","pbkdf2:sha256:150000$3H5oBG3d$67b0dbdc91c889fede6e14360b1b16dad83edc14d106692d3dbfe7621b0e9c1e","Daniel","Hall","USNS Cisneros FPO AP 07096"
"jeremy83@hotmail.com","pbkdf2:sha256:150000$0OGjVXtc$7f17d4355de69e304ec2df8b765364bfc894cf12e6284fc78d088827c426b2db","Spencer","Duncan","1604 Perry Island Suite 400 Cortezville, AZ 28041"
"jonathan73@yahoo.com","pbkdf2:sha256:150000$tcfrDNm4$6b7c0360a6e93e580b61ff94f1b96eb7890e32999d359fa34f6f1ae74d43cad7","Cheryl","Acosta","9928 Leach Cove Apt. 182 Mooreton, IL 16060"
"alexandramitchell@gmail.com","pbkdf2:sha256:150000$wndHBoqX$f85026ad3b1712b8ab4778597db45577191cc356ba337a08b51bde3822b41bb5","Matthew","DDS","2898 Scott Shoal West Ryanchester, AL 65745"
"mathew17@hotmail.com","pbkdf2:sha256:150000$OksS1Uzf$cca6ffd15966231a01e02e1897dcbd4707181e38db9f68c2126c386c320f4f89","Angela","Peterson","134 Garrett Curve Sarahview, AL 31826"
"pgriffin@yahoo.com","pbkdf2:sha256:150000$A2ISryh0$42342a8b03d1649606c20ac69c41673646fee5d2220f59ebb19e0f4db37f464c","Adrienne","Friedman","09420 Ramos Walks Apt. 671 South Emilychester, KY 17264"
"kennethwilliams@gmail.com","pbkdf2:sha256:150000$RNNLhxiC$afdefb222e460a6f95671aebbf70fb2f3d0a32f7e0a8cc3686f911cf86e091e8","Donald","Thompson","145 Roberts Common Suite 347 East Lindseyville, MA 56035"
"shawnharris@gmail.com","pbkdf2:sha256:150000$rFkRBV0b$c6990723a521879d6c95c410222245da3320c82b33317a48c9793217f9598fee","Bryan","Scott","03107 Kristopher Parkways Jenniferchester, WI 32030"
"danieltucker@hotmail.com","pbkdf2:sha256:150000$e8Su5vaw$beff98a803bcdfbffa87cd6df79b8e6004f59132d8b2e681c1d50fb024158edb","Jessica","Miller","99513 Thomas Port Apt. 838 Hutchinsonmouth, MN 33266"
